,img,gt
0,crop_img_Gate 05_from_NG_0_1.png,ng
1,crop_img_Gate 05_from_NG_0_2.png,ng
2,crop_img_Gate 05_from_NG_100_1.png,ng
3,crop_img_Gate 05_from_NG_101_4.png,ng
4,crop_img_Gate 05_from_NG_102_4.png,ng
5,crop_img_Gate 05_from_NG_103_2.png,ng
6,crop_img_Gate 05_from_NG_103_3.png,ng
7,crop_img_Gate 05_from_NG_103_4.png,ng
8,crop_img_Gate 05_from_NG_104_1.png,ng
9,crop_img_Gate 05_from_NG_104_4.png,ng
10,crop_img_Gate 05_from_NG_105_4.png,ng
11,crop_img_Gate 05_from_NG_106_1.png,ng
12,crop_img_Gate 05_from_NG_106_2.png,ng
13,crop_img_Gate 05_from_NG_108_2.png,ng
14,crop_img_Gate 05_from_NG_109_1.png,ng
15,crop_img_Gate 05_from_NG_109_2.png,ng
16,crop_img_Gate 05_from_NG_10_1.png,ng
17,crop_img_Gate 05_from_NG_110_3.png,ng
18,crop_img_Gate 05_from_NG_111_1.png,ng
19,crop_img_Gate 05_from_NG_111_2.png,ng
20,crop_img_Gate 05_from_NG_112_1.png,ng
21,crop_img_Gate 05_from_NG_112_2.png,ng
22,crop_img_Gate 05_from_NG_113_1.png,ng
23,crop_img_Gate 05_from_NG_113_2.png,ng
24,crop_img_Gate 05_from_NG_114_2.png,ng
25,crop_img_Gate 05_from_NG_114_4.png,ng
26,crop_img_Gate 05_from_NG_115_3.png,ng
27,crop_img_Gate 05_from_NG_115_4.png,ng
28,crop_img_Gate 05_from_NG_116_1.png,ng
29,crop_img_Gate 05_from_NG_117_2.png,ng
30,crop_img_Gate 05_from_NG_118_1.png,ng
31,crop_img_Gate 05_from_NG_118_2.png,ng
32,crop_img_Gate 05_from_NG_119_1.png,ng
33,crop_img_Gate 05_from_NG_11_1.png,ng
34,crop_img_Gate 05_from_NG_11_2.png,ng
35,crop_img_Gate 05_from_NG_120_1.png,ng
36,crop_img_Gate 05_from_NG_120_4.png,ng
37,crop_img_Gate 05_from_NG_121_2.png,ng
38,crop_img_Gate 05_from_NG_122_1.png,ng
39,crop_img_Gate 05_from_NG_122_2.png,ng
40,crop_img_Gate 05_from_NG_123_1.png,ng
41,crop_img_Gate 05_from_NG_123_2.png,ng
42,crop_img_Gate 05_from_NG_123_3.png,ng
43,crop_img_Gate 05_from_NG_123_4.png,ng
44,crop_img_Gate 05_from_NG_124_1.png,ng
45,crop_img_Gate 05_from_NG_124_2.png,ng
46,crop_img_Gate 05_from_NG_125_3.png,ng
47,crop_img_Gate 05_from_NG_126_1.png,ng
48,crop_img_Gate 05_from_NG_126_2.png,ng
49,crop_img_Gate 05_from_NG_127_1.png,ng
50,crop_img_Gate 05_from_NG_127_4.png,ng
51,crop_img_Gate 05_from_NG_128_4.png,ng
52,crop_img_Gate 05_from_NG_129_1.png,ng
53,crop_img_Gate 05_from_NG_129_3.png,ng
54,crop_img_Gate 05_from_NG_12_1.png,ng
55,crop_img_Gate 05_from_NG_12_2.png,ng
56,crop_img_Gate 05_from_NG_130_4.png,ng
57,crop_img_Gate 05_from_NG_131_2.png,ng
58,crop_img_Gate 05_from_NG_132_2.png,ng
59,crop_img_Gate 05_from_NG_132_3.png,ng
60,crop_img_Gate 05_from_NG_133_1.png,ng
61,crop_img_Gate 05_from_NG_134_1.png,ng
62,crop_img_Gate 05_from_NG_135_3.png,ng
63,crop_img_Gate 05_from_NG_136_2.png,ng
64,crop_img_Gate 05_from_NG_136_3.png,ng
65,crop_img_Gate 05_from_NG_136_4.png,ng
66,crop_img_Gate 05_from_NG_137_3.png,ng
67,crop_img_Gate 05_from_NG_138_1.png,ng
68,crop_img_Gate 05_from_NG_138_2.png,ng
69,crop_img_Gate 05_from_NG_138_3.png,ng
70,crop_img_Gate 05_from_NG_138_4.png,ng
71,crop_img_Gate 05_from_NG_139_1.png,ng
72,crop_img_Gate 05_from_NG_139_2.png,ng
73,crop_img_Gate 05_from_NG_139_4.png,ng
74,crop_img_Gate 05_from_NG_13_2.png,ng
75,crop_img_Gate 05_from_NG_13_3.png,ng
76,crop_img_Gate 05_from_NG_14_1.png,ng
77,crop_img_Gate 05_from_NG_15_2.png,ng
78,crop_img_Gate 05_from_NG_16_1.png,ng
79,crop_img_Gate 05_from_NG_16_2.png,ng
80,crop_img_Gate 05_from_NG_17_1.png,ng
81,crop_img_Gate 05_from_NG_17_3.png,ng
82,crop_img_Gate 05_from_NG_19_1.png,ng
83,crop_img_Gate 05_from_NG_19_2.png,ng
84,crop_img_Gate 05_from_NG_1_1.png,ng
85,crop_img_Gate 05_from_NG_1_2.png,ng
86,crop_img_Gate 05_from_NG_20_2.png,ng
87,crop_img_Gate 05_from_NG_21_1.png,ng
88,crop_img_Gate 05_from_NG_21_2.png,ng
89,crop_img_Gate 05_from_NG_22_2.png,ng
90,crop_img_Gate 05_from_NG_23_2.png,ng
91,crop_img_Gate 05_from_NG_24_2.png,ng
92,crop_img_Gate 05_from_NG_25_2.png,ng
93,crop_img_Gate 05_from_NG_26_1.png,ng
94,crop_img_Gate 05_from_NG_27_1.png,ng
95,crop_img_Gate 05_from_NG_27_3.png,ng
96,crop_img_Gate 05_from_NG_28_1.png,ng
97,crop_img_Gate 05_from_NG_28_2.png,ng
98,crop_img_Gate 05_from_NG_29_1.png,ng
99,crop_img_Gate 05_from_NG_29_2.png,ng
100,crop_img_Gate 05_from_NG_29_4.png,ng
101,crop_img_Gate 05_from_NG_2_1.png,ng
102,crop_img_Gate 05_from_NG_2_3.png,ng
103,crop_img_Gate 05_from_NG_30_1.png,ng
104,crop_img_Gate 05_from_NG_30_3.png,ng
105,crop_img_Gate 05_from_NG_31_1.png,ng
106,crop_img_Gate 05_from_NG_31_2.png,ng
107,crop_img_Gate 05_from_NG_32_1.png,ng
108,crop_img_Gate 05_from_NG_32_2.png,ng
109,crop_img_Gate 05_from_NG_33_1.png,ng
110,crop_img_Gate 05_from_NG_33_3.png,ng
111,crop_img_Gate 05_from_NG_34_1.png,ng
112,crop_img_Gate 05_from_NG_34_2.png,ng
113,crop_img_Gate 05_from_NG_35_1.png,ng
114,crop_img_Gate 05_from_NG_35_2.png,ng
115,crop_img_Gate 05_from_NG_36_1.png,ng
116,crop_img_Gate 05_from_NG_36_3.png,ng
117,crop_img_Gate 05_from_NG_37_1.png,ng
118,crop_img_Gate 05_from_NG_37_2.png,ng
119,crop_img_Gate 05_from_NG_38_1.png,ng
120,crop_img_Gate 05_from_NG_38_2.png,ng
121,crop_img_Gate 05_from_NG_39_2.png,ng
122,crop_img_Gate 05_from_NG_39_3.png,ng
123,crop_img_Gate 05_from_NG_3_1.png,ng
124,crop_img_Gate 05_from_NG_40_1.png,ng
125,crop_img_Gate 05_from_NG_40_2.png,ng
126,crop_img_Gate 05_from_NG_41_2.png,ng
127,crop_img_Gate 05_from_NG_42_2.png,ng
128,crop_img_Gate 05_from_NG_43_2.png,ng
129,crop_img_Gate 05_from_NG_44_1.png,ng
130,crop_img_Gate 05_from_NG_44_2.png,ng
131,crop_img_Gate 05_from_NG_45_1.png,ng
132,crop_img_Gate 05_from_NG_45_2.png,ng
133,crop_img_Gate 05_from_NG_46_1.png,ng
134,crop_img_Gate 05_from_NG_46_2.png,ng
135,crop_img_Gate 05_from_NG_47_1.png,ng
136,crop_img_Gate 05_from_NG_47_2.png,ng
137,crop_img_Gate 05_from_NG_48_1.png,ng
138,crop_img_Gate 05_from_NG_49_1.png,ng
139,crop_img_Gate 05_from_NG_4_1.png,ng
140,crop_img_Gate 05_from_NG_4_2.png,ng
141,crop_img_Gate 05_from_NG_50_3.png,ng
142,crop_img_Gate 05_from_NG_51_2.png,ng
143,crop_img_Gate 05_from_NG_51_3.png,ng
144,crop_img_Gate 05_from_NG_53_1.png,ng
145,crop_img_Gate 05_from_NG_54_1.png,ng
146,crop_img_Gate 05_from_NG_54_2.png,ng
147,crop_img_Gate 05_from_NG_55_1.png,ng
148,crop_img_Gate 05_from_NG_56_3.png,ng
149,crop_img_Gate 05_from_NG_56_4.png,ng
150,crop_img_Gate 05_from_NG_57_1.png,ng
151,crop_img_Gate 05_from_NG_57_2.png,ng
152,crop_img_Gate 05_from_NG_58_1.png,ng
153,crop_img_Gate 05_from_NG_58_2.png,ng
154,crop_img_Gate 05_from_NG_59_2.png,ng
155,crop_img_Gate 05_from_NG_5_1.png,ng
156,crop_img_Gate 05_from_NG_60_1.png,ng
157,crop_img_Gate 05_from_NG_60_4.png,ng
158,crop_img_Gate 05_from_NG_61_1.png,ng
159,crop_img_Gate 05_from_NG_61_4.png,ng
160,crop_img_Gate 05_from_NG_63_1.png,ng
161,crop_img_Gate 05_from_NG_64_2.png,ng
162,crop_img_Gate 05_from_NG_64_3.png,ng
163,crop_img_Gate 05_from_NG_65_1.png,ng
164,crop_img_Gate 05_from_NG_66_1.png,ng
165,crop_img_Gate 05_from_NG_66_2.png,ng
166,crop_img_Gate 05_from_NG_67_2.png,ng
167,crop_img_Gate 05_from_NG_68_1.png,ng
168,crop_img_Gate 05_from_NG_68_3.png,ng
169,crop_img_Gate 05_from_NG_69_1.png,ng
170,crop_img_Gate 05_from_NG_69_2.png,ng
171,crop_img_Gate 05_from_NG_6_1.png,ng
172,crop_img_Gate 05_from_NG_6_2.png,ng
173,crop_img_Gate 05_from_NG_70_1.png,ng
174,crop_img_Gate 05_from_NG_70_3.png,ng
175,crop_img_Gate 05_from_NG_71_2.png,ng
176,crop_img_Gate 05_from_NG_71_4.png,ng
177,crop_img_Gate 05_from_NG_73_1.png,ng
178,crop_img_Gate 05_from_NG_74_2.png,ng
179,crop_img_Gate 05_from_NG_75_1.png,ng
180,crop_img_Gate 05_from_NG_76_1.png,ng
181,crop_img_Gate 05_from_NG_76_3.png,ng
182,crop_img_Gate 05_from_NG_77_1.png,ng
183,crop_img_Gate 05_from_NG_78_2.png,ng
184,crop_img_Gate 05_from_NG_78_3.png,ng
185,crop_img_Gate 05_from_NG_79_1.png,ng
186,crop_img_Gate 05_from_NG_79_2.png,ng
187,crop_img_Gate 05_from_NG_7_1.png,ng
188,crop_img_Gate 05_from_NG_7_3.png,ng
189,crop_img_Gate 05_from_NG_80_1.png,ng
190,crop_img_Gate 05_from_NG_80_2.png,ng
191,crop_img_Gate 05_from_NG_81_1.png,ng
192,crop_img_Gate 05_from_NG_81_2.png,ng
193,crop_img_Gate 05_from_NG_82_1.png,ng
194,crop_img_Gate 05_from_NG_83_1.png,ng
195,crop_img_Gate 05_from_NG_83_2.png,ng
196,crop_img_Gate 05_from_NG_83_3.png,ng
197,crop_img_Gate 05_from_NG_83_4.png,ng
198,crop_img_Gate 05_from_NG_84_1.png,ng
199,crop_img_Gate 05_from_NG_84_2.png,ng
200,crop_img_Gate 05_from_NG_84_3.png,ng
201,crop_img_Gate 05_from_NG_85_1.png,ng
202,crop_img_Gate 05_from_NG_85_2.png,ng
203,crop_img_Gate 05_from_NG_85_4.png,ng
204,crop_img_Gate 05_from_NG_86_1.png,ng
205,crop_img_Gate 05_from_NG_86_2.png,ng
206,crop_img_Gate 05_from_NG_87_1.png,ng
207,crop_img_Gate 05_from_NG_88_1.png,ng
208,crop_img_Gate 05_from_NG_88_2.png,ng
209,crop_img_Gate 05_from_NG_8_1.png,ng
210,crop_img_Gate 05_from_NG_8_2.png,ng
211,crop_img_Gate 05_from_NG_90_1.png,ng
212,crop_img_Gate 05_from_NG_90_2.png,ng
213,crop_img_Gate 05_from_NG_91_1.png,ng
214,crop_img_Gate 05_from_NG_91_3.png,ng
215,crop_img_Gate 05_from_NG_92_2.png,ng
216,crop_img_Gate 05_from_NG_92_3.png,ng
217,crop_img_Gate 05_from_NG_93_3.png,ng
218,crop_img_Gate 05_from_NG_93_4.png,ng
219,crop_img_Gate 05_from_NG_94_1.png,ng
220,crop_img_Gate 05_from_NG_94_2.png,ng
221,crop_img_Gate 05_from_NG_95_1.png,ng
222,crop_img_Gate 05_from_NG_95_2.png,ng
223,crop_img_Gate 05_from_NG_95_4.png,ng
224,crop_img_Gate 05_from_NG_96_2.png,ng
225,crop_img_Gate 05_from_NG_97_1.png,ng
226,crop_img_Gate 05_from_NG_98_1.png,ng
227,crop_img_Gate 05_from_NG_98_2.png,ng
228,crop_img_Gate 05_from_NG_99_1.png,ng
229,crop_img_Gate 05_from_NG_99_2.png,ng
230,crop_img_Gate 05_from_NG_9_1.png,ng
231,crop_img_Gate 05_from_OK_0_1.png,ng
232,crop_img_Gate 05_from_OK_0_2.png,ng
233,crop_img_Gate 05_from_OK_10_2.png,ng
234,crop_img_Gate 05_from_OK_10_3.png,ng
235,crop_img_Gate 05_from_OK_1265_1.png,ng
236,crop_img_Gate 05_from_OK_1266_1.png,ng
237,crop_img_Gate 05_from_OK_1266_2.png,ng
238,crop_img_Gate 05_from_OK_1267_1.png,ng
239,crop_img_Gate 05_from_OK_1268_1.png,ng
240,crop_img_Gate 05_from_OK_1268_2.png,ng
241,crop_img_Gate 05_from_OK_1270_1.png,ng
242,crop_img_Gate 05_from_OK_1270_2.png,ng
243,crop_img_Gate 05_from_OK_1271_2.png,ng
244,crop_img_Gate 05_from_OK_1272_2.png,ng
245,crop_img_Gate 05_from_OK_1273_1.png,ng
246,crop_img_Gate 05_from_OK_1277_3.png,ng
247,crop_img_Gate 05_from_OK_1278_1.png,ng
248,crop_img_Gate 05_from_OK_1279_1.png,ng
249,crop_img_Gate 05_from_OK_1279_2.png,ng
250,crop_img_Gate 05_from_OK_1280_2.png,ng
251,crop_img_Gate 05_from_OK_1280_4.png,ng
252,crop_img_Gate 05_from_OK_1281_1.png,ng
253,crop_img_Gate 05_from_OK_1282_1.png,ng
254,crop_img_Gate 05_from_OK_1282_2.png,ng
255,crop_img_Gate 05_from_OK_1283_1.png,ng
256,crop_img_Gate 05_from_OK_1283_2.png,ng
257,crop_img_Gate 05_from_OK_1283_3.png,ng
258,crop_img_Gate 05_from_OK_1284_2.png,ng
259,crop_img_Gate 05_from_OK_1285_3.png,ng
260,crop_img_Gate 05_from_OK_1286_1.png,ng
261,crop_img_Gate 05_from_OK_1287_1.png,ng
262,crop_img_Gate 05_from_OK_1287_3.png,ng
263,crop_img_Gate 05_from_OK_14_1.png,ng
264,crop_img_Gate 05_from_OK_14_2.png,ng
265,crop_img_Gate 05_from_OK_18_1.png,ng
266,crop_img_Gate 05_from_OK_1_1.png,ng
267,crop_img_Gate 05_from_OK_1_2.png,ng
268,crop_img_Gate 05_from_OK_3_2.png,ng
269,crop_img_Gate 05_from_OK_4_1.png,ng
270,crop_img_Gate 05_from_OK_4_2.png,ng
271,crop_img_Gate 05_from_OK_5_2.png,ng
272,crop_img_Gate 05_from_OK_6_1.png,ng
273,crop_img_Gate 05_from_OK_6_3.png,ng
274,crop_img_Gate 05_from_OK_7_1.png,ng
275,crop_img_Gate 05_from_OK_7_2.png,ng
276,crop_img_Gate 05_from_OK_9_1.png,ng
277,crop_img_Gate 05_from_OK_9_4.png,ng
278,crop_img_Gate 05_from_NG_0_3.png,ok
279,crop_img_Gate 05_from_NG_0_4.png,ok
280,crop_img_Gate 05_from_NG_107_4.png,ok
281,crop_img_Gate 05_from_NG_108_3.png,ok
282,crop_img_Gate 05_from_NG_108_4.png,ok
283,crop_img_Gate 05_from_NG_109_3.png,ok
284,crop_img_Gate 05_from_NG_109_4.png,ok
285,crop_img_Gate 05_from_NG_10_2.png,ok
286,crop_img_Gate 05_from_NG_10_3.png,ok
287,crop_img_Gate 05_from_NG_10_4.png,ok
288,crop_img_Gate 05_from_NG_110_1.png,ok
289,crop_img_Gate 05_from_NG_110_2.png,ok
290,crop_img_Gate 05_from_NG_110_4.png,ok
291,crop_img_Gate 05_from_NG_113_4.png,ok
292,crop_img_Gate 05_from_NG_114_3.png,ok
293,crop_img_Gate 05_from_NG_116_4.png,ok
294,crop_img_Gate 05_from_NG_118_4.png,ok
295,crop_img_Gate 05_from_NG_119_3.png,ok
296,crop_img_Gate 05_from_NG_119_4.png,ok
297,crop_img_Gate 05_from_NG_11_3.png,ok
298,crop_img_Gate 05_from_NG_11_4.png,ok
299,crop_img_Gate 05_from_NG_122_3.png,ok
300,crop_img_Gate 05_from_NG_122_4.png,ok
301,crop_img_Gate 05_from_NG_124_3.png,ok
302,crop_img_Gate 05_from_NG_124_4.png,ok
303,crop_img_Gate 05_from_NG_125_4.png,ok
304,crop_img_Gate 05_from_NG_126_3.png,ok
305,crop_img_Gate 05_from_NG_126_4.png,ok
306,crop_img_Gate 05_from_NG_127_2.png,ok
307,crop_img_Gate 05_from_NG_128_1.png,ok
308,crop_img_Gate 05_from_NG_128_2.png,ok
309,crop_img_Gate 05_from_NG_128_3.png,ok
310,crop_img_Gate 05_from_NG_129_4.png,ok
311,crop_img_Gate 05_from_NG_12_3.png,ok
312,crop_img_Gate 05_from_NG_130_1.png,ok
313,crop_img_Gate 05_from_NG_130_3.png,ok
314,crop_img_Gate 05_from_NG_131_3.png,ok
315,crop_img_Gate 05_from_NG_131_4.png,ok
316,crop_img_Gate 05_from_NG_132_1.png,ok
317,crop_img_Gate 05_from_NG_132_4.png,ok
318,crop_img_Gate 05_from_NG_133_2.png,ok
319,crop_img_Gate 05_from_NG_133_3.png,ok
320,crop_img_Gate 05_from_NG_133_4.png,ok
321,crop_img_Gate 05_from_NG_134_2.png,ok
322,crop_img_Gate 05_from_NG_134_3.png,ok
323,crop_img_Gate 05_from_NG_134_4.png,ok
324,crop_img_Gate 05_from_NG_135_1.png,ok
325,crop_img_Gate 05_from_NG_137_4.png,ok
326,crop_img_Gate 05_from_NG_13_1.png,ok
327,crop_img_Gate 05_from_NG_13_4.png,ok
328,crop_img_Gate 05_from_NG_14_2.png,ok
329,crop_img_Gate 05_from_NG_14_3.png,ok
330,crop_img_Gate 05_from_NG_15_3.png,ok
331,crop_img_Gate 05_from_NG_15_4.png,ok
332,crop_img_Gate 05_from_NG_16_3.png,ok
333,crop_img_Gate 05_from_NG_16_4.png,ok
334,crop_img_Gate 05_from_NG_17_2.png,ok
335,crop_img_Gate 05_from_NG_18_3.png,ok
336,crop_img_Gate 05_from_NG_18_4.png,ok
337,crop_img_Gate 05_from_NG_19_3.png,ok
338,crop_img_Gate 05_from_NG_19_4.png,ok
339,crop_img_Gate 05_from_NG_1_3.png,ok
340,crop_img_Gate 05_from_NG_1_4.png,ok
341,crop_img_Gate 05_from_NG_21_3.png,ok
342,crop_img_Gate 05_from_NG_21_4.png,ok
343,crop_img_Gate 05_from_NG_22_1.png,ok
344,crop_img_Gate 05_from_NG_22_3.png,ok
345,crop_img_Gate 05_from_NG_23_1.png,ok
346,crop_img_Gate 05_from_NG_23_4.png,ok
347,crop_img_Gate 05_from_NG_24_1.png,ok
348,crop_img_Gate 05_from_NG_24_4.png,ok
349,crop_img_Gate 05_from_NG_28_4.png,ok
350,crop_img_Gate 05_from_NG_2_2.png,ok
351,crop_img_Gate 05_from_NG_2_4.png,ok
352,crop_img_Gate 05_from_NG_3_2.png,ok
353,crop_img_Gate 05_from_NG_3_3.png,ok
354,crop_img_Gate 05_from_NG_3_4.png,ok
355,crop_img_Gate 05_from_NG_4_3.png,ok
356,crop_img_Gate 05_from_NG_4_4.png,ok
357,crop_img_Gate 05_from_NG_5_3.png,ok
358,crop_img_Gate 05_from_NG_5_4.png,ok
359,crop_img_Gate 05_from_NG_6_3.png,ok
360,crop_img_Gate 05_from_NG_6_4.png,ok
361,crop_img_Gate 05_from_NG_7_2.png,ok
362,crop_img_Gate 05_from_NG_7_4.png,ok
363,crop_img_Gate 05_from_NG_8_3.png,ok
364,crop_img_Gate 05_from_NG_8_4.png,ok
365,crop_img_Gate 05_from_NG_9_3.png,ok
366,crop_img_Gate 05_from_NG_9_4.png,ok
367,crop_img_Gate 05_from_OK_10_1.png,ok
368,crop_img_Gate 05_from_OK_113_1.png,ok
369,crop_img_Gate 05_from_OK_113_2.png,ok
370,crop_img_Gate 05_from_OK_113_3.png,ok
371,crop_img_Gate 05_from_OK_113_4.png,ok
372,crop_img_Gate 05_from_OK_114_1.png,ok
373,crop_img_Gate 05_from_OK_114_2.png,ok
374,crop_img_Gate 05_from_OK_114_3.png,ok
375,crop_img_Gate 05_from_OK_114_4.png,ok
376,crop_img_Gate 05_from_OK_115_1.png,ok
377,crop_img_Gate 05_from_OK_115_2.png,ok
378,crop_img_Gate 05_from_OK_115_3.png,ok
379,crop_img_Gate 05_from_OK_115_4.png,ok
380,crop_img_Gate 05_from_OK_116_1.png,ok
381,crop_img_Gate 05_from_OK_116_2.png,ok
382,crop_img_Gate 05_from_OK_116_3.png,ok
383,crop_img_Gate 05_from_OK_116_4.png,ok
384,crop_img_Gate 05_from_OK_117_1.png,ok
385,crop_img_Gate 05_from_OK_117_2.png,ok
386,crop_img_Gate 05_from_OK_117_3.png,ok
387,crop_img_Gate 05_from_OK_117_4.png,ok
388,crop_img_Gate 05_from_OK_118_1.png,ok
389,crop_img_Gate 05_from_OK_118_2.png,ok
390,crop_img_Gate 05_from_OK_118_3.png,ok
391,crop_img_Gate 05_from_OK_118_4.png,ok
392,crop_img_Gate 05_from_OK_119_1.png,ok
393,crop_img_Gate 05_from_OK_119_2.png,ok
394,crop_img_Gate 05_from_OK_119_3.png,ok
395,crop_img_Gate 05_from_OK_119_4.png,ok
396,crop_img_Gate 05_from_OK_11_2.png,ok
397,crop_img_Gate 05_from_OK_11_3.png,ok
398,crop_img_Gate 05_from_OK_11_4.png,ok
399,crop_img_Gate 05_from_OK_120_1.png,ok
400,crop_img_Gate 05_from_OK_120_2.png,ok
401,crop_img_Gate 05_from_OK_120_3.png,ok
402,crop_img_Gate 05_from_OK_120_4.png,ok
403,crop_img_Gate 05_from_OK_121_1.png,ok
404,crop_img_Gate 05_from_OK_121_2.png,ok
405,crop_img_Gate 05_from_OK_121_3.png,ok
406,crop_img_Gate 05_from_OK_121_4.png,ok
407,crop_img_Gate 05_from_OK_122_1.png,ok
408,crop_img_Gate 05_from_OK_122_2.png,ok
409,crop_img_Gate 05_from_OK_122_3.png,ok
410,crop_img_Gate 05_from_OK_122_4.png,ok
411,crop_img_Gate 05_from_OK_123_1.png,ok
412,crop_img_Gate 05_from_OK_123_2.png,ok
413,crop_img_Gate 05_from_OK_123_3.png,ok
414,crop_img_Gate 05_from_OK_123_4.png,ok
415,crop_img_Gate 05_from_OK_124_1.png,ok
416,crop_img_Gate 05_from_OK_124_2.png,ok
417,crop_img_Gate 05_from_OK_124_3.png,ok
418,crop_img_Gate 05_from_OK_124_4.png,ok
419,crop_img_Gate 05_from_OK_125_1.png,ok
420,crop_img_Gate 05_from_OK_125_2.png,ok
421,crop_img_Gate 05_from_OK_125_3.png,ok
422,crop_img_Gate 05_from_OK_125_4.png,ok
423,crop_img_Gate 05_from_OK_126_1.png,ok
424,crop_img_Gate 05_from_OK_12_1.png,ok
425,crop_img_Gate 05_from_OK_12_3.png,ok
426,crop_img_Gate 05_from_OK_12_4.png,ok
427,crop_img_Gate 05_from_OK_13_1.png,ok
428,crop_img_Gate 05_from_OK_13_2.png,ok
429,crop_img_Gate 05_from_OK_13_3.png,ok
430,crop_img_Gate 05_from_OK_13_4.png,ok
431,crop_img_Gate 05_from_OK_14_3.png,ok
432,crop_img_Gate 05_from_OK_14_4.png,ok
433,crop_img_Gate 05_from_OK_15_2.png,ok
434,crop_img_Gate 05_from_OK_15_3.png,ok
435,crop_img_Gate 05_from_OK_15_4.png,ok
436,crop_img_Gate 05_from_OK_16_1.png,ok
437,crop_img_Gate 05_from_OK_16_2.png,ok
438,crop_img_Gate 05_from_OK_16_3.png,ok
439,crop_img_Gate 05_from_OK_16_4.png,ok
440,crop_img_Gate 05_from_OK_17_1.png,ok
441,crop_img_Gate 05_from_OK_17_2.png,ok
442,crop_img_Gate 05_from_OK_17_3.png,ok
443,crop_img_Gate 05_from_OK_17_4.png,ok
444,crop_img_Gate 05_from_OK_18_2.png,ok
445,crop_img_Gate 05_from_OK_18_3.png,ok
446,crop_img_Gate 05_from_OK_18_4.png,ok
447,crop_img_Gate 05_from_OK_19_3.png,ok
448,crop_img_Gate 05_from_OK_6_4.png,ok
449,crop_img_Gate 05_from_OK_7_3.png,ok
450,crop_img_Gate 05_from_OK_8_1.png,ok
451,crop_img_Gate 05_from_OK_8_2.png,ok
452,crop_img_Gate 05_from_OK_8_3.png,ok
453,crop_img_Gate 05_from_OK_8_4.png,ok
454,crop_img_Gate 05_from_OK_9_2.png,ok
455,crop_img_Gate 05_from_OK_9_3.png,ok
